Experiment,Exp_type,Location,Salinity,Temp,Depth avrg,Date,Replicate_Chamber,Species,Habitat,Wet_weight_g,Wet_weight_kg,Empty weigh boat,Dry weight w boat,Ashed weight w boat,AFDW_g,AFDW_kg,Metab_Tissue_kg,Vol_displaced_ml,Vol_empty_ml,Animal_Vol,VOL_final_ml,Vol_final_L,Condition,Time_holding_Tank,Holding_place,Holding temp,MR_WetWeight_ml/h/g,MR_AFDW_ml/h/g,MR_Metab_Tissue_ml/h/g,VO2_AFDW_ml/h,Regression range (t),Quality regression,Time start,Time end,Notes,rsquared
4.1,TPC_accl,Bauline,25.4,4,2.35,15-10-2020,1,Strongylocentrotus droebachiensis,Barren,43.7,0.0437,2.488,18.255,15.43,2.825,0.002825,,700,650,50,600,0.6,Acclimated,24 days,Multi-stressor,14,0.003950411,0.06110902,,,10-102,Great,0,102,,
4.1,TPC_accl,Bauline,25.4,4,2.35,15-10-2020,2,Strongylocentrotus droebachiensis,Barren,46.9,0.0469,2.489,17.963,15.747,2.216,0.002216,,700,650,50,600,0.6,Acclimated,24 days,Multi-stressor,14,0.003019749,0.06391076,,,10-102,Great,0,102,,
4.1,TPC_accl,Bauline,25.4,4,2.35,15-10-2020,3,Strongylocentrotus droebachiensis,Barren,42.6,0.0426,2.392,16.391,13.559,2.832,0.002832,,690,650,40,610,0.61,Acclimated,24 days,Multi-stressor,14,0.003033113,0.04562522,,,10-102,Great,0,102,,
4.1,TPC_accl,Bauline,25.4,4,2.35,15-10-2020,4,Strongylocentrotus droebachiensis,Barren,46.8,0.0468,2.365,18.083,15.099,2.984,0.002984,,700,650,50,600,0.6,Acclimated,24 days,Multi-stressor,14,0.002415961,0.03789108,,,10-102,Great,0,102,,
4.1,TPC_accl,Bauline,25.4,4,1.35,15-10-2020,5,Strongylocentrotus droebachiensis,Kelp,44.98,0.04498,2.416,18.523,15.226,3.297,0.003297,,690,650,40,610,0.61,Acclimated,24 days,Multi-stressor,14,0.004921817,0.0671469,,,10-102,Great,0,102,,
4.1,TPC_accl,Bauline,25.4,4,1.35,15-10-2020,6,Strongylocentrotus droebachiensis,Kelp,56,0.056,2.53,23.182,18.657,4.525,0.004525,,700,650,50,600,0.6,Acclimated,24 days,Multi-stressor,14,0.006296782,0.07792702,,,10-102,Great,0,102,,
4.1,TPC_accl,Bauline,25.4,4,1.35,15-10-2020,7,Strongylocentrotus droebachiensis,Kelp,44.8,0.0448,2.284,16.592,14.241,2.351,0.002351,,690,650,40,610,0.61,Acclimated,24 days,Multi-stressor,14,0.004326952,0.08245319,,,10-102,Great,0,102,,
4.1,TPC_accl,Bauline,25.4,4,1.35,15-10-2020,8,Strongylocentrotus droebachiensis,Kelp,48.9,0.0489,2.554,20.311,16.549,3.762,0.003762,,690,650,40,610,0.61,Acclimated,24 days,Multi-stressor,14,0.004935466,0.06415319,,,10-102,Great,0,102,,
4.1,TPC_accl,Bauline,25.4,4,1.35,15-10-2020,9,Strongylocentrotus droebachiensis,Kelp,39.9,0.0399,4.017,19.338,16.192,3.146,0.003146,,670,650,20,630,0.63,Acclimated,24 days,Multi-stressor,14,0.006936263,0.08797105,,,10-102,Great,0,102,,
4.1,TPC_accl,Bauline,25.4,4,1.35,15-10-2020,10,Blank,Blank,NA,NA,,,,,,,NA,NA,NA,NA,NA,NA,NA,NA,NA,,,,,,,,,,
4.1,TPC_accl,Bauline,26.4,6,2.35,15-10-2020,1,Strongylocentrotus droebachiensis,Barren,43.7,0.0437,2.488,18.255,15.43,2.825,0.002825,,700,650,50,600,0.6,Acclimated,24 days,Multi-stressor,14,0.006665972,0.1031161,,,152-246,bad,152,246,,
4.1,TPC_accl,Bauline,26.4,6,2.35,15-10-2020,2,Strongylocentrotus droebachiensis,Barren,46.9,0.0469,2.489,17.963,15.747,2.216,0.002216,,700,650,50,600,0.6,Acclimated,24 days,Multi-stressor,14,0.007081224,0.1498689,,,152-246,bad,152,246,,
4.1,TPC_accl,Bauline,26.4,6,2.35,15-10-2020,3,Strongylocentrotus droebachiensis,Barren,42.6,0.0426,2.392,16.391,13.559,2.832,0.002832,,690,650,40,610,0.61,Acclimated,24 days,Multi-stressor,14,0.005842936,0.08789163,,,152-246,great,152,246,,
4.1,TPC_accl,Bauline,26.4,6,2.35,15-10-2020,4,Strongylocentrotus droebachiensis,Barren,46.8,0.0468,2.365,18.083,15.099,2.984,0.002984,,700,650,50,600,0.6,Acclimated,24 days,Multi-stressor,14,0.004496718,0.07052494,,,152-246,great,152,246,,
4.1,TPC_accl,Bauline,26.4,6,1.35,15-10-2020,5,Strongylocentrotus droebachiensis,Kelp,44.98,0.04498,2.416,18.523,15.226,3.297,0.003297,,690,650,40,610,0.61,Acclimated,24 days,Multi-stressor,14,0.0080386,0.1096683,,,152-246,great,152,246,,
4.1,TPC_accl,Bauline,26.4,6,1.35,15-10-2020,6,Strongylocentrotus droebachiensis,Kelp,56,0.056,2.53,23.182,18.657,4.525,0.004525,,700,650,50,600,0.6,Acclimated,24 days,Multi-stressor,14,0.009211126,0.1139941,,,152-246,good,152,246,,
4.1,TPC_accl,Bauline,26.4,6,1.35,15-10-2020,7,Strongylocentrotus droebachiensis,Kelp,44.8,0.0448,2.284,16.592,14.241,2.351,0.002351,,690,650,40,610,0.61,Acclimated,24 days,Multi-stressor,14,0.008399397,0.1600566,,,152-246,good,152,246,,
4.1,TPC_accl,Bauline,26.4,6,1.35,15-10-2020,8,Strongylocentrotus droebachiensis,Kelp,48.9,0.0489,2.554,20.311,16.549,3.762,0.003762,,690,650,40,610,0.61,Acclimated,24 days,Multi-stressor,14,0.007531292,0.09789479,,,152-246,good,152,246,,
4.1,TPC_accl,Bauline,26.4,6,1.35,15-10-2020,9,Strongylocentrotus droebachiensis,Kelp,39.9,0.0399,4.017,19.338,16.192,3.146,0.003146,,670,650,20,630,0.63,Acclimated,24 days,Multi-stressor,14,0.01067569,0.1353974,,,152-246,good,152,246,,
4.1,TPC_accl,Bauline,26.4,6,1.35,15-10-2020,10,Blank,Blank,NA,NA,,,,,,,NA,NA,NA,NA,NA,NA,NA,NA,NA,,,,,,,,,,
4.1,TPC_accl,Bauline,26.8,10,2.35,15-10-2020,1,Strongylocentrotus droebachiensis,Barren,43.7,0.0437,2.488,18.255,15.43,2.825,0.002825,,700,650,50,600,0.6,Acclimated,24 days,Multi-stressor,14,0.01031273,0.1595279,,,280-337,great,280,337,,
4.1,TPC_accl,Bauline,26.8,10,2.35,15-10-2020,2,Strongylocentrotus droebachiensis,Barren,46.9,0.0469,2.489,17.963,15.747,2.216,0.002216,,700,650,50,600,0.6,Acclimated,24 days,Multi-stressor,14,0.008913261,0.1886426,,,280-337,great,280,337,,
4.1,TPC_accl,Bauline,26.8,10,2.35,15-10-2020,3,Strongylocentrotus droebachiensis,Barren,42.6,0.0426,2.392,16.391,13.559,2.832,0.002832,,690,650,40,610,0.61,Acclimated,24 days,Multi-stressor,14,0.008159558,0.1227391,,,280-337,great,280,337,,
4.1,TPC_accl,Bauline,26.8,10,2.35,15-10-2020,4,Strongylocentrotus droebachiensis,Barren,46.8,0.0468,2.365,18.083,15.099,2.984,0.002984,,700,650,50,600,0.6,Acclimated,24 days,Multi-stressor,14,0.006472773,0.1015167,,,280-337,great,280,337,,
4.1,TPC_accl,Bauline,26.8,10,1.35,15-10-2020,5,Strongylocentrotus droebachiensis,Kelp,44.98,0.04498,2.416,18.523,15.226,3.297,0.003297,,690,650,40,610,0.61,Acclimated,24 days,Multi-stressor,14,0.0109753,0.1497328,,,280-337,great,280,337,,
4.1,TPC_accl,Bauline,26.8,10,1.35,15-10-2020,6,Strongylocentrotus droebachiensis,Kelp,56,0.056,2.53,23.182,18.657,4.525,0.004525,,700,650,50,600,0.6,Acclimated,24 days,Multi-stressor,14,0.01234607,0.1527911,,,280-337,great,280,337,,
4.1,TPC_accl,Bauline,26.8,10,1.35,15-10-2020,7,Strongylocentrotus droebachiensis,Kelp,44.8,0.0448,2.284,16.592,14.241,2.351,0.002351,,690,650,40,610,0.61,Acclimated,24 days,Multi-stressor,14,0.01162791,0.2215782,,,280-337,great,280,337,,
4.1,TPC_accl,Bauline,26.8,10,1.35,15-10-2020,8,Strongylocentrotus droebachiensis,Kelp,48.9,0.0489,2.554,20.311,16.549,3.762,0.003762,,690,650,40,610,0.61,Acclimated,24 days,Multi-stressor,14,0.009251588,0.1202559,,,280-337,great,280,337,,
4.1,TPC_accl,Bauline,26.8,10,1.35,15-10-2020,9,Strongylocentrotus droebachiensis,Kelp,39.9,0.0399,4.017,19.338,16.192,3.146,0.003146,,670,650,20,630,0.63,Acclimated,24 days,Multi-stressor,14,0.01575641,0.1998349,,,280-337,great,280,337,,
4.1,TPC_accl,Bauline,26.8,10,1.35,15-10-2020,10,Blank,Blank,NA,NA,,,,,,,NA,NA,NA,NA,NA,NA,NA,NA,NA,,,,,,,,,,
4.1,TPC_accl,Bauline,27,14,2.35,15-10-2020,1,Strongylocentrotus droebachiensis,Barren,43.7,0.0437,2.488,18.255,15.43,2.825,0.002825,,700,650,50,600,0.6,Acclimated,24 days,Multi-stressor,14,0.0113746,0.175954,,,377-423,good,377,423,,
4.1,TPC_accl,Bauline,27,14,2.35,15-10-2020,2,Strongylocentrotus droebachiensis,Barren,46.9,0.0469,2.489,17.963,15.747,2.216,0.002216,,700,650,50,600,0.6,Acclimated,24 days,Multi-stressor,14,0.009945771,0.2104949,,,377-423,good,377,423,,
4.1,TPC_accl,Bauline,27,14,2.35,15-10-2020,3,Strongylocentrotus droebachiensis,Barren,42.6,0.0426,2.392,16.391,13.559,2.832,0.002832,,690,650,40,610,0.61,Acclimated,24 days,Multi-stressor,14,0.01220566,0.1467636,,,377-423,good,377,423,,
4.1,TPC_accl,Bauline,27,14,2.35,15-10-2020,4,Strongylocentrotus droebachiensis,Barren,46.8,0.0468,2.365,18.083,15.099,2.984,0.002984,,700,650,50,600,0.6,Acclimated,24 days,Multi-stressor,14,0.008735489,0.1370043,,,377-423,good,377,423,,
4.1,TPC_accl,Bauline,27,14,1.35,15-10-2020,5,Strongylocentrotus droebachiensis,Kelp,44.98,0.04498,2.416,18.523,15.226,3.297,0.003297,,690,650,40,610,0.61,Acclimated,24 days,Multi-stressor,14,0.0140189,0.1912558,,,377-423,good,377,423,,
4.1,TPC_accl,Bauline,27,14,1.35,15-10-2020,6,Strongylocentrotus droebachiensis,Kelp,56,0.056,2.53,23.182,18.657,4.525,0.004525,,700,650,50,600,0.6,Acclimated,24 days,Multi-stressor,14,0.01693204,0.2095457,,,377-423,good,377,423,,
4.1,TPC_accl,Bauline,27,14,1.35,15-10-2020,7,Strongylocentrotus droebachiensis,Kelp,44.8,0.0448,2.284,16.592,14.241,2.351,0.002351,,690,650,40,610,0.61,Acclimated,24 days,Multi-stressor,14,0.01466815,0.2795121,,,377-423,good,377,423,,
4.1,TPC_accl,Bauline,27,14,1.35,15-10-2020,8,Strongylocentrotus droebachiensis,Kelp,48.9,0.0489,2.554,20.311,16.549,3.762,0.003762,,690,650,40,610,0.61,Acclimated,24 days,Multi-stressor,14,0.01286668,0.1672463,,,377-423,good,377,423,,
4.1,TPC_accl,Bauline,27,14,1.35,15-10-2020,9,Strongylocentrotus droebachiensis,Kelp,39.9,0.0399,4.017,19.338,16.192,3.146,0.003146,,670,650,20,630,0.63,Acclimated,24 days,Multi-stressor,14,0.01937853,0.2457734,,,377-423,good,377,423,,
4.1,TPC_accl,Bauline,27,14,1.35,15-10-2020,10,Blank,Blank,NA,NA,,,,,,,NA,NA,NA,NA,NA,NA,NA,NA,NA,,,,,,,,,,
4.1,TPC_accl,Bauline,27.3,18,2.35,15-10-2020,1,Strongylocentrotus droebachiensis,Barren,43.7,0.0437,2.488,18.255,15.43,2.825,0.002825,,700,650,50,600,0.6,Acclimated,24 days,Multi-stressor,14,,,,,,,,,,
4.1,TPC_accl,Bauline,27.3,18,2.35,15-10-2020,2,Strongylocentrotus droebachiensis,Barren,46.9,0.0469,2.489,17.963,15.747,2.216,0.002216,,700,650,50,600,0.6,Acclimated,24 days,Multi-stressor,14,,,,,,,,,,
4.1,TPC_accl,Bauline,27.3,18,2.35,15-10-2020,3,Strongylocentrotus droebachiensis,Barren,42.6,0.0426,2.392,16.391,13.559,2.832,0.002832,,690,650,40,610,0.61,Acclimated,24 days,Multi-stressor,14,,,,,,,,,,
4.1,TPC_accl,Bauline,27.3,18,2.35,15-10-2020,4,Strongylocentrotus droebachiensis,Barren,46.8,0.0468,2.365,18.083,15.099,2.984,0.002984,,700,650,50,600,0.6,Acclimated,24 days,Multi-stressor,14,,,,,,,,,,
4.1,TPC_accl,Bauline,27.3,18,1.35,15-10-2020,5,Strongylocentrotus droebachiensis,Kelp,44.98,0.04498,2.416,18.523,15.226,3.297,0.003297,,690,650,40,610,0.61,Acclimated,24 days,Multi-stressor,14,,,,,,,,,,
4.1,TPC_accl,Bauline,27.3,18,1.35,15-10-2020,6,Strongylocentrotus droebachiensis,Kelp,56,0.056,2.53,23.182,18.657,4.525,0.004525,,700,650,50,600,0.6,Acclimated,24 days,Multi-stressor,14,,,,,,,,,,
4.1,TPC_accl,Bauline,27.3,18,1.35,15-10-2020,7,Strongylocentrotus droebachiensis,Kelp,44.8,0.0448,2.284,16.592,14.241,2.351,0.002351,,690,650,40,610,0.61,Acclimated,24 days,Multi-stressor,14,,,,,,,,,,
4.1,TPC_accl,Bauline,27.3,18,1.35,15-10-2020,8,Strongylocentrotus droebachiensis,Kelp,48.9,0.0489,2.554,20.311,16.549,3.762,0.003762,,690,650,40,610,0.61,Acclimated,24 days,Multi-stressor,14,,,,,,,,,,
4.1,TPC_accl,Bauline,27.3,18,1.35,15-10-2020,9,Strongylocentrotus droebachiensis,Kelp,39.9,0.0399,4.017,19.338,16.192,3.146,0.003146,,670,650,20,630,0.63,Acclimated,24 days,Multi-stressor,14,,,,,,,,,,
4.1,TPC_accl,Bauline,27.3,18,1.35,15-10-2020,10,Blank,Blank,NA,NA,,,,,,,NA,NA,NA,NA,NA,NA,NA,NA,NA,,,,,,,,,,
4.1,TPC_accl,Bauline,27.5,22,2.35,15-10-2020,1,Strongylocentrotus droebachiensis,Barren,43.7,0.0437,2.488,18.255,15.43,2.825,0.002825,,700,650,50,600,0.6,Acclimated,24 days,Multi-stressor,14,0.02142992,0.3314999,,,525-546,great,525,546,,
4.1,TPC_accl,Bauline,27.5,22,2.35,15-10-2020,2,Strongylocentrotus droebachiensis,Barren,46.9,0.0469,2.489,17.963,15.747,2.216,0.002216,,700,650,50,600,0.6,Acclimated,24 days,Multi-stressor,14,0.01874116,0.3966427,,,525-546,great,525,546,,
4.1,TPC_accl,Bauline,27.5,22,2.35,15-10-2020,3,Strongylocentrotus droebachiensis,Barren,42.6,0.0426,2.392,16.391,13.559,2.832,0.002832,,690,650,40,610,0.61,Acclimated,24 days,Multi-stressor,14,0.0212835,0.3201543,,,525-546,great,525,546,,
4.1,TPC_accl,Bauline,27.5,22,2.35,15-10-2020,4,Strongylocentrotus droebachiensis,Barren,46.8,0.0468,2.365,18.083,15.099,2.984,0.002984,,700,650,50,600,0.6,Acclimated,24 days,Multi-stressor,14,0.01711897,0.2684879,,,525-546,great,525,546,,
4.1,TPC_accl,Bauline,27.5,22,1.35,15-10-2020,5,Strongylocentrotus droebachiensis,Kelp,44.98,0.04498,2.416,18.523,15.226,3.297,0.003297,,690,650,40,610,0.61,Acclimated,24 days,Multi-stressor,14,0.02608351,0.3558497,,,525-546,great,525,546,,
4.1,TPC_accl,Bauline,27.5,22,1.35,15-10-2020,6,Strongylocentrotus droebachiensis,Kelp,56,0.056,2.53,23.182,18.657,4.525,0.004525,,700,650,50,600,0.6,Acclimated,24 days,Multi-stressor,14,0.02860955,0.3540629,,,525-546,great,525,546,,
4.1,TPC_accl,Bauline,27.5,22,1.35,15-10-2020,7,Strongylocentrotus droebachiensis,Kelp,44.8,0.0448,2.284,16.592,14.241,2.351,0.002351,,690,650,40,610,0.61,Acclimated,24 days,Multi-stressor,14,0.02768406,0.5275397,,,525-546,great,525,546,,
4.1,TPC_accl,Bauline,27.5,22,1.35,15-10-2020,8,Strongylocentrotus droebachiensis,Kelp,48.9,0.0489,2.554,20.311,16.549,3.762,0.003762,,690,650,40,610,0.61,Acclimated,24 days,Multi-stressor,14,0.022452,0.2918403,,,525-546,great,525,546,,
4.1,TPC_accl,Bauline,27.5,22,1.35,15-10-2020,9,Strongylocentrotus droebachiensis,Kelp,39.9,0.0399,4.017,19.338,16.192,3.146,0.003146,,670,650,20,630,0.63,Acclimated,24 days,Multi-stressor,14,0.03268078,0.4144829,,,525-546,great,525,546,,
4.1,TPC_accl,Bauline,27.5,22,1.35,15-10-2020,10,Blank,Blank,NA,NA,,,,,,,NA,NA,NA,NA,NA,NA,NA,NA,NA,,,,,,,,,,
4.1,TPC_accl,Bauline,27.5,26,2.35,15-10-2020,1,Strongylocentrotus droebachiensis,Barren,43.7,0.0437,2.488,18.255,15.43,2.825,0.002825,,700,650,50,600,0.6,Acclimated,24 days,Multi-stressor,14,0.03257509,0.5039049,,,567-580,great,567,580,,
4.1,TPC_accl,Bauline,27.5,26,2.35,15-10-2020,2,Strongylocentrotus droebachiensis,Barren,46.9,0.0469,2.489,17.963,15.747,2.216,0.002216,,700,650,50,600,0.6,Acclimated,24 days,Multi-stressor,14,0.02740952,0.5801022,,,567-580,great,567,580,,
4.1,TPC_accl,Bauline,27.5,26,2.35,15-10-2020,3,Strongylocentrotus droebachiensis,Barren,42.6,0.0426,2.392,16.391,13.559,2.832,0.002832,,690,650,40,610,0.61,Acclimated,24 days,Multi-stressor,14,0.02969754,0.4467215,,,567-580,great,567,580,,
4.1,TPC_accl,Bauline,27.5,26,2.35,15-10-2020,4,Strongylocentrotus droebachiensis,Barren,46.8,0.0468,2.365,18.083,15.099,2.984,0.002984,,700,650,50,600,0.6,Acclimated,24 days,Multi-stressor,14,0.027074,0.4246191,,,567-580,great,567,580,,
4.1,TPC_accl,Bauline,27.5,26,1.35,15-10-2020,5,Strongylocentrotus droebachiensis,Kelp,44.98,0.04498,2.416,18.523,15.226,3.297,0.003297,,690,650,40,610,0.61,Acclimated,24 days,Multi-stressor,14,0.03228218,0.4404163,,,567-580,great,567,580,,
4.1,TPC_accl,Bauline,27.5,26,1.35,15-10-2020,6,Strongylocentrotus droebachiensis,Kelp,56,0.056,2.53,23.182,18.657,4.525,0.004525,,700,650,50,600,0.6,Acclimated,24 days,Multi-stressor,14,0.03631191,0.449385,,,567-580,great,567,580,,
4.1,TPC_accl,Bauline,27.5,26,1.35,15-10-2020,7,Strongylocentrotus droebachiensis,Kelp,44.8,0.0448,2.284,16.592,14.241,2.351,0.002351,,690,650,40,610,0.61,Acclimated,24 days,Multi-stressor,14,0.03381766,0.6444198,,,567-580,great,567,580,,
4.1,TPC_accl,Bauline,27.5,26,1.35,15-10-2020,8,Strongylocentrotus droebachiensis,Kelp,48.9,0.0489,2.554,20.311,16.549,3.762,0.003762,,690,650,40,610,0.61,Acclimated,24 days,Multi-stressor,14,0.03379038,0.439221,,,567-580,great,567,580,,
4.1,TPC_accl,Bauline,27.5,26,1.35,15-10-2020,9,Strongylocentrotus droebachiensis,Kelp,39.9,0.0399,4.017,19.338,16.192,3.146,0.003146,,670,650,20,630,0.63,Acclimated,24 days,Multi-stressor,14,0.04147467,0.5260137,,,567-580,great,567,580,,
4.1,TPC_accl,Bauline,27.5,26,1.35,15-10-2020,10,Blank,Blank,NA,NA,,,,,,,NA,NA,NA,NA,NA,NA,NA,NA,NA,,,,,,,,,,
4.1,TPC_accl,Bauline,28,30,2.35,15-10-2020,1,Strongylocentrotus droebachiensis,Barren,43.7,0.0437,2.488,18.255,15.43,2.825,0.002825,,700,650,50,600,0.6,Acclimated,24 days,Multi-stressor,14,0.03628825,0.561344,,1.585797,610-620,great,610,620,,
4.1,TPC_accl,Bauline,28,30,2.35,15-10-2020,2,Strongylocentrotus droebachiensis,Barren,46.9,0.0469,2.489,17.963,15.747,2.216,0.002216,,700,650,50,600,0.6,Acclimated,24 days,Multi-stressor,14,0.02622898,0.555117,,1.230139,610-620,great,610,620,,
4.1,TPC_accl,Bauline,28,30,2.35,15-10-2020,3,Strongylocentrotus droebachiensis,Barren,42.6,0.0426,2.392,16.391,13.559,2.832,0.002832,,690,650,40,610,0.61,Acclimated,24 days,Multi-stressor,14,0.02778682,0.4179796,,1.183718,610-620,great,610,620,,
4.1,TPC_accl,Bauline,28,30,2.35,15-10-2020,4,Strongylocentrotus droebachiensis,Barren,46.8,0.0468,2.365,18.083,15.099,2.984,0.002984,,700,650,50,600,0.6,Acclimated,24 days,Multi-stressor,14,0.02710232,0.4250632,,1.268389,610-620,great,610,620,,
4.1,TPC_accl,Bauline,28,30,1.35,15-10-2020,5,Strongylocentrotus droebachiensis,Kelp,44.98,0.04498,2.416,18.523,15.226,3.297,0.003297,,690,650,40,610,0.61,Acclimated,24 days,Multi-stressor,14,0.03130361,0.4270659,,1.408036,610-620,great,610,620,,
4.1,TPC_accl,Bauline,28,30,1.35,15-10-2020,6,Strongylocentrotus droebachiensis,Kelp,56,0.056,2.53,23.182,18.657,4.525,0.004525,,700,650,50,600,0.6,Acclimated,24 days,Multi-stressor,14,0.03569236,0.4417176,,1.998772,610-620,great,610,620,,
4.1,TPC_accl,Bauline,28,30,1.35,15-10-2020,7,Strongylocentrotus droebachiensis,Kelp,44.8,0.0448,2.284,16.592,14.241,2.351,0.002351,,690,650,40,610,0.61,Acclimated,24 days,Multi-stressor,14,0.03058026,0.5827289,,1.369996,610-620,great,610,620,,
4.1,TPC_accl,Bauline,28,30,1.35,15-10-2020,8,Strongylocentrotus droebachiensis,Kelp,48.9,0.0489,2.554,20.311,16.549,3.762,0.003762,,690,650,40,610,0.61,Acclimated,24 days,Multi-stressor,14,0.03263668,0.4242248,,1.595934,610-620,great,610,620,,
4.1,TPC_accl,Bauline,28,30,1.35,15-10-2020,9,Strongylocentrotus droebachiensis,Kelp,39.9,0.0399,4.017,19.338,16.192,3.146,0.003146,,670,650,20,630,0.63,Acclimated,24 days,Multi-stressor,14,0.03718998,0.471672,,1.571192,610-620,great,610,620,,
4.1,TPC_accl,Bauline,28,30,1.35,15-10-2020,10,Blank,Blank,NA,NA,,,,,,,NA,NA,NA,NA,NA,NA,NA,NA,NA,,,,,,,,,,
4.2,TPC_accl,Biscayan Cove,25,4,4.9,20-10-2020,1,Strongylocentrotus droebachiensis,Barren,52.9,0.0529,4.039,20.633,18.627,2.006,0.002006,,700,650,50,600,0.6,Acclimated,69 days,ANNEX,,0.003398778,0.08962878,,,10-80,great,0,80,,
4.2,TPC_accl,Biscayan Cove,25,4,4.9,20-10-2020,2,Strongylocentrotus droebachiensis,Barren,62.1,0.0621,4.031,21.55,19.37,2.18,0.00218,,705,650,55,595,0.595,Acclimated,69 days,ANNEX,,0.004495659,0.1280644,,,10-80,great,0,80,,
4.2,TPC_accl,Biscayan Cove,25,4,4.9,20-10-2020,3,Strongylocentrotus droebachiensis,Barren,66.7,0.0667,4.027,24.765,22.529,2.236,0.002236,,705,650,55,595,0.595,Acclimated,69 days,ANNEX,,0.003036266,0.09057197,,,10-80,great,0,80,,
4.2,TPC_accl,Biscayan Cove,25,4,4.9,20-10-2020,4,Strongylocentrotus droebachiensis,Barren,70.3,0.0703,4.056,24.372,22.088,2.284,0.002284,,710,650,60,590,0.59,Acclimated,69 days,ANNEX,,0.003247092,0.09994333,,,10-80,great,0,80,,
4.2,TPC_accl,Biscayan Cove/Tors Cove,25,4,2.25/3.45,20-10-2020,5,Strongylocentrotus droebachiensis,Kelp,84.1,0.0841,4.045,31.085,25.682,5.403,0.005403,,720,650,70,580,0.58,Acclimated,69 days,ANNEX,,0.009384194,0.146069,,,10-80,great,0,80,,
4.2,TPC_accl,Biscayan Cove/Tors Cove,25,4,2.25/3.45,20-10-2020,6,Strongylocentrotus droebachiensis,Kelp,70,0.07,4.048,27.805,23.717,4.088,0.004088,,710,650,60,590,0.59,Acclimated,69 days,ANNEX,,0.006375425,0.1091682,,,10-80,great,0,80,,
4.2,TPC_accl,Biscayan Cove/Tors Cove,25,4,2.25/3.45,20-10-2020,7,Strongylocentrotus droebachiensis,Kelp,63.4,0.0634,4.041,26.944,22.251,4.693,0.004693,,705,650,55,595,0.595,Acclimated,69 days,ANNEX,,0.005453652,0.07367601,,,4-43,bad,0,80,,
4.2,TPC_accl,Biscayan Cove/Tors Cove,25,4,2.25/3.45,20-10-2020,8,Strongylocentrotus droebachiensis,Kelp,64.1,0.0641,4.04,23.97,20.931,3.039,0.003039,,705,650,55,595,0.595,Acclimated,69 days,ANNEX,,0.004917092,0.1037136,,,10-80,great,0,80,,
4.2,TPC_accl,Biscayan Cove/Tors Cove,25,4,2.25/3.45,20-10-2020,9,Strongylocentrotus droebachiensis,Kelp,72.8,0.0728,4.03,28.837,26.182,2.655,0.002655,,705,650,55,595,0.595,Acclimated,69 days,ANNEX,,0.00399934,0.1096617,,,10-80,great,0,80,,
4.2,TPC_accl,NA,25,4,NA,20-10-2020,10,Blank,Blank,NA,NA,,,,,,,NA,NA,NA,NA,NA,NA,,,,,,,,,,0,80,,
4.2,TPC_accl,Biscayan Cove,26,6,4.9,20-10-2020,1,Strongylocentrotus droebachiensis,Barren,52.9,0.0529,4.039,20.633,18.627,2.006,0.002006,,700,650,50,600,0.6,Acclimated,69 days,ANNEX,,0.003567723,0.09408403,,,112-184,good,112,184,,
4.2,TPC_accl,Biscayan Cove,26,6,4.9,20-10-2020,2,Strongylocentrotus droebachiensis,Barren,62.1,0.0621,4.031,21.55,19.37,2.18,0.00218,,705,650,55,595,0.595,Acclimated,69 days,ANNEX,,0.005717828,0.1628794,,,112-184,good,112,184,,
4.2,TPC_accl,Biscayan Cove,26,6,4.9,20-10-2020,3,Strongylocentrotus droebachiensis,Barren,66.7,0.0667,4.027,24.765,22.529,2.236,0.002236,,705,650,55,595,0.595,Acclimated,69 days,ANNEX,,0.002996396,0.08938266,,,115-184,great,112,184,,
4.2,TPC_accl,Biscayan Cove,26,6,4.9,20-10-2020,4,Strongylocentrotus droebachiensis,Barren,70.3,0.0703,4.056,24.372,22.088,2.284,0.002284,,710,650,60,590,0.59,Acclimated,69 days,ANNEX,,0.00359515,0.1106563,,,112-184,great,112,184,,
4.2,TPC_accl,Biscayan Cove/Tors Cove,26,6,2.25/3.45,20-10-2020,5,Strongylocentrotus droebachiensis,Kelp,84.1,0.0841,4.045,31.085,25.682,5.403,0.005403,,720,650,70,580,0.58,Acclimated,69 days,ANNEX,,0.009179701,0.142886,,,112-184,great,112,184,,
4.2,TPC_accl,Biscayan Cove/Tors Cove,26,6,2.25/3.45,20-10-2020,6,Strongylocentrotus droebachiensis,Kelp,70,0.07,4.048,27.805,23.717,4.088,0.004088,,710,650,60,590,0.59,Acclimated,69 days,ANNEX,,0.006579209,0.1126577,,,112-184,great,112,184,,
4.2,TPC_accl,Biscayan Cove/Tors Cove,26,6,2.25/3.45,20-10-2020,7,Strongylocentrotus droebachiensis,Kelp,63.4,0.0634,4.041,26.944,22.251,4.693,0.004693,,705,650,55,595,0.595,Acclimated,69 days,ANNEX,,0.006536001,0.08829799,,,112-184,great,112,184,,
4.2,TPC_accl,Biscayan Cove/Tors Cove,26,6,2.25/3.45,20-10-2020,8,Strongylocentrotus droebachiensis,Kelp,64.1,0.0641,4.04,23.97,20.931,3.039,0.003039,,705,650,55,595,0.595,Acclimated,69 days,ANNEX,,0.006950066,0.146594,,,112-184,great,112,184,,
4.2,TPC_accl,Biscayan Cove/Tors Cove,26,6,2.25/3.45,20-10-2020,9,Strongylocentrotus droebachiensis,Kelp,72.8,0.0728,4.03,28.837,26.182,2.655,0.002655,,705,650,55,595,0.595,Acclimated,69 days,ANNEX,,0.005896056,0.1616696,,,112-184,great,112,184,,
4.2,TPC_accl,NA,26,6,NA,20-10-2020,10,Blank,Blank,NA,NA,,,,,,,NA,NA,NA,NA,NA,NA,,,,,,,,,,112,184,,
4.2,TPC_accl,Biscayan Cove,26.4,10,4.9,20-10-2020,1,Strongylocentrotus droebachiensis,Barren,52.9,0.0529,4.039,20.633,18.627,2.006,0.002006,,700,650,50,600,0.6,Acclimated,69 days,ANNEX,,0.004275032,0.1127364,,,211-263,great,211,263,,
4.2,TPC_accl,Biscayan Cove,26.4,10,4.9,20-10-2020,2,Strongylocentrotus droebachiensis,Barren,62.1,0.0621,4.031,21.55,19.37,2.18,0.00218,,705,650,55,595,0.595,Acclimated,69 days,ANNEX,,0.005965426,0.1699325,,,211-263,ok,211,263,,
4.2,TPC_accl,Biscayan Cove,26.4,10,4.9,20-10-2020,3,Strongylocentrotus droebachiensis,Barren,66.7,0.0667,4.027,24.765,22.529,2.236,0.002236,,705,650,55,595,0.595,Acclimated,69 days,ANNEX,,0.003810723,0.1136741,,,211-263,not great,211,263,,
4.2,TPC_accl,Biscayan Cove,26.4,10,4.9,20-10-2020,4,Strongylocentrotus droebachiensis,Barren,70.3,0.0703,4.056,24.372,22.088,2.284,0.002284,,710,650,60,590,0.59,Acclimated,69 days,ANNEX,,0.005369982,0.1652845,,,211-263,ok,211,263,,
4.2,TPC_accl,Biscayan Cove/Tors Cove,26.4,10,2.25/3.45,20-10-2020,5,Strongylocentrotus droebachiensis,Kelp,84.1,0.0841,4.045,31.085,25.682,5.403,0.005403,,720,650,70,580,0.58,Acclimated,69 days,ANNEX,,0.01251822,0.1948515,,,211-263,great,211,263,,
4.2,TPC_accl,Biscayan Cove/Tors Cove,26.4,10,2.25/3.45,20-10-2020,6,Strongylocentrotus droebachiensis,Kelp,70,0.07,4.048,27.805,23.717,4.088,0.004088,,710,650,60,590,0.59,Acclimated,69 days,ANNEX,,0.009328824,0.1597401,,,211-263,great,211,263,,
4.2,TPC_accl,Biscayan Cove/Tors Cove,26.4,10,2.25/3.45,20-10-2020,7,Strongylocentrotus droebachiensis,Kelp,63.4,0.0634,4.041,26.944,22.251,4.693,0.004693,,705,650,55,595,0.595,Acclimated,69 days,ANNEX,,0.008784452,0.1186734,,,211-263,great,211,263,,
4.2,TPC_accl,Biscayan Cove/Tors Cove,26.4,10,2.25/3.45,20-10-2020,8,Strongylocentrotus droebachiensis,Kelp,64.1,0.0641,4.04,23.97,20.931,3.039,0.003039,,705,650,55,595,0.595,Acclimated,69 days,ANNEX,,0.00875756,0.1847185,,,211-263,great,211,263,,
4.2,TPC_accl,Biscayan Cove/Tors Cove,26.4,10,2.25/3.45,20-10-2020,9,Strongylocentrotus droebachiensis,Kelp,72.8,0.0728,4.03,28.837,26.182,2.655,0.002655,,705,650,55,595,0.595,Acclimated,69 days,ANNEX,,0.008789843,0.2410172,,,211-263,great,211,263,,
4.2,TPC_accl,NA,26.4,10,NA,20-10-2020,10,Blank,Blank,NA,NA,,,,,,,NA,NA,NA,NA,NA,NA,,,,,,,,,,,,,
4.2,TPC_accl,Biscayan Cove,27,14,4.9,20-10-2020,1,Strongylocentrotus droebachiensis,Barren,52.9,0.0529,4.039,20.633,18.627,2.006,0.002006,,700,650,50,600,0.6,Acclimated,69 days,ANNEX,,0.005937433,0.1565754,,,299-339,great,299,339,,
4.2,TPC_accl,Biscayan Cove,27,14,4.9,20-10-2020,2,Strongylocentrotus droebachiensis,Barren,62.1,0.0621,4.031,21.55,19.37,2.18,0.00218,,705,650,55,595,0.595,Acclimated,69 days,ANNEX,,0.008284138,0.2359839,,,299-339,great,299,339,,
4.2,TPC_accl,Biscayan Cove,27,14,4.9,20-10-2020,3,Strongylocentrotus droebachiensis,Barren,66.7,0.0667,4.027,24.765,22.529,2.236,0.002236,,705,650,55,595,0.595,Acclimated,69 days,ANNEX,,0.006262273,0.1868039,,,299-339,great,299,339,,
4.2,TPC_accl,Biscayan Cove,27,14,4.9,20-10-2020,4,Strongylocentrotus droebachiensis,Barren,70.3,0.0703,4.056,24.372,22.088,2.284,0.002284,,710,650,60,590,0.59,Acclimated,69 days,ANNEX,,0.005542711,0.1706009,,,299-339,great,299,339,,
4.2,TPC_accl,Biscayan Cove/Tors Cove,27,14,2.25/3.45,20-10-2020,5,Strongylocentrotus droebachiensis,Kelp,84.1,0.0841,4.045,31.085,25.682,5.403,0.005403,,720,650,70,580,0.58,Acclimated,69 days,ANNEX,,0.01691169,0.2632376,,,299-339,great,299,339,,
4.2,TPC_accl,Biscayan Cove/Tors Cove,27,14,2.25/3.45,20-10-2020,6,Strongylocentrotus droebachiensis,Kelp,70,0.07,4.048,27.805,23.717,4.088,0.004088,,710,650,60,590,0.59,Acclimated,69 days,ANNEX,,0.01204033,0.20617,,,299-339,great,299,339,,
4.2,TPC_accl,Biscayan Cove/Tors Cove,27,14,2.25/3.45,20-10-2020,7,Strongylocentrotus droebachiensis,Kelp,63.4,0.0634,4.041,26.944,22.251,4.693,0.004693,,705,650,55,595,0.595,Acclimated,69 days,ANNEX,,0.01172802,0.1584395,,,299-339,great,299,339,,
4.2,TPC_accl,Biscayan Cove/Tors Cove,27,14,2.25/3.45,20-10-2020,8,Strongylocentrotus droebachiensis,Kelp,64.1,0.0641,4.04,23.97,20.931,3.039,0.003039,,705,650,55,595,0.595,Acclimated,69 days,ANNEX,,0.009654156,0.2036299,,,299-339,great,299,339,,
4.2,TPC_accl,Biscayan Cove/Tors Cove,27,14,2.25/3.45,20-10-2020,9,Strongylocentrotus droebachiensis,Kelp,72.8,0.0728,4.03,28.837,26.182,2.655,0.002655,,705,650,55,595,0.595,Acclimated,69 days,ANNEX,,0.01100516,0.3017612,,,299-339,great,299,339,,
4.2,TPC_accl,NA,,14,NA,20-10-2020,10,Blank,Blank,NA,NA,,,,,,,NA,NA,NA,NA,NA,NA,,,,,,,,,,299,339,,
4.2,TPC_accl,Biscayan Cove,27.4,18,4.9,20-10-2020,1,Strongylocentrotus droebachiensis,Barren,52.9,0.0529,4.039,20.633,18.627,2.006,0.002006,,700,650,50,600,0.6,Acclimated,69 days,ANNEX,,0.009192064,0.2424029,,,381-408,great,381,408,,
4.2,TPC_accl,Biscayan Cove,27.4,18,4.9,20-10-2020,2,Strongylocentrotus droebachiensis,Barren,62.1,0.0621,4.031,21.55,19.37,2.18,0.00218,,705,650,55,595,0.595,Acclimated,69 days,ANNEX,,0.008802123,0.2507394,,,381-408,great,381,408,,
4.2,TPC_accl,Biscayan Cove,27.4,18,4.9,20-10-2020,3,Strongylocentrotus droebachiensis,Barren,66.7,0.0667,4.027,24.765,22.529,2.236,0.002236,,705,650,55,595,0.595,Acclimated,69 days,ANNEX,,0.00797744,0.2379675,,,381-408,great,381,408,,
4.2,TPC_accl,Biscayan Cove,27.4,18,4.9,20-10-2020,4,Strongylocentrotus droebachiensis,Barren,70.3,0.0703,4.056,24.372,22.088,2.284,0.002284,,710,650,60,590,0.59,Acclimated,69 days,ANNEX,,0.00776349,0.2389551,,,381-408,great,381,408,,
4.2,TPC_accl,Biscayan Cove/Tors Cove,27.4,18,2.25/3.45,20-10-2020,5,Strongylocentrotus droebachiensis,Kelp,84.1,0.0841,4.045,31.085,25.682,5.403,0.005403,,720,650,70,580,0.58,Acclimated,69 days,ANNEX,,0.02147337,0.3342421,,,381-408,great,381,408,,
4.2,TPC_accl,Biscayan Cove/Tors Cove,27.4,18,2.25/3.45,20-10-2020,6,Strongylocentrotus droebachiensis,Kelp,70,0.07,4.048,27.805,23.717,4.088,0.004088,,710,650,60,590,0.59,Acclimated,69 days,ANNEX,,0.01601133,0.2741665,,,381-408,great,381,408,,
4.2,TPC_accl,Biscayan Cove/Tors Cove,27.4,18,2.25/3.45,20-10-2020,7,Strongylocentrotus droebachiensis,Kelp,63.4,0.0634,4.041,26.944,22.251,4.693,0.004693,,705,650,55,595,0.595,Acclimated,69 days,ANNEX,,0.01470811,0.198699,,,381-408,great,381,408,,
4.2,TPC_accl,Biscayan Cove/Tors Cove,27.4,18,2.25/3.45,20-10-2020,8,Strongylocentrotus droebachiensis,Kelp,64.1,0.0641,4.04,23.97,20.931,3.039,0.003039,,705,650,55,595,0.595,Acclimated,69 days,ANNEX,,0.0149085,0.314457,,,381-408,great,381,408,,
4.2,TPC_accl,Biscayan Cove/Tors Cove,27.4,18,2.25/3.45,20-10-2020,9,Strongylocentrotus droebachiensis,Kelp,72.8,0.0728,4.03,28.837,26.182,2.655,0.002655,,705,650,55,595,0.595,Acclimated,69 days,ANNEX,,0.01632267,0.447567,,,381-408,great,381,408,,
4.2,TPC_accl,NA,27.4,18,NA,20-10-2020,10,Blank,Blank,NA,NA,,,,,,,NA,NA,NA,NA,NA,NA,,,,,,,,,,,,,
4.2,TPC_accl,Biscayan Cove,27.8,22,4.9,20-10-2020,1,Strongylocentrotus droebachiensis,Barren,52.9,0.0529,4.039,20.633,18.627,2.006,0.002006,,700,650,50,600,0.6,Acclimated,69 days,ANNEX,,0.01396937,0.3683847,,,453-470,great,453,470,,
4.2,TPC_accl,Biscayan Cove,27.8,22,4.9,20-10-2020,2,Strongylocentrotus droebachiensis,Barren,62.1,0.0621,4.031,21.55,19.37,2.18,0.00218,,705,650,55,595,0.595,Acclimated,69 days,ANNEX,,0.01509652,0.4300431,,,453-470,great,453,470,,
4.2,TPC_accl,Biscayan Cove,27.8,22,4.9,20-10-2020,3,Strongylocentrotus droebachiensis,Barren,66.7,0.0667,4.027,24.765,22.529,2.236,0.002236,,705,650,55,595,0.595,Acclimated,69 days,ANNEX,,0.01307844,0.3901305,,,453-470,great,453,470,,
4.2,TPC_accl,Biscayan Cove,27.8,22,4.9,20-10-2020,4,Strongylocentrotus droebachiensis,Barren,70.3,0.0703,4.056,24.372,22.088,2.284,0.002284,,710,650,60,590,0.59,Acclimated,69 days,ANNEX,,0.01175237,0.36173,,,453-470,great,453,470,,
4.2,TPC_accl,Biscayan Cove/Tors Cove,27.8,22,2.25/3.45,20-10-2020,5,Strongylocentrotus droebachiensis,Kelp,84.1,0.0841,4.045,31.085,25.682,5.403,0.005403,,720,650,70,580,0.58,Acclimated,69 days,ANNEX,,0.02598707,0.4044998,,,453-470,great,453,470,,
4.2,TPC_accl,Biscayan Cove/Tors Cove,27.8,22,2.25/3.45,20-10-2020,6,Strongylocentrotus droebachiensis,Kelp,70,0.07,4.048,27.805,23.717,4.088,0.004088,,710,650,60,590,0.59,Acclimated,69 days,ANNEX,,0.02119668,0.3629568,,,453-470,great,453,470,,
4.2,TPC_accl,Biscayan Cove/Tors Cove,27.8,22,2.25/3.45,20-10-2020,7,Strongylocentrotus droebachiensis,Kelp,63.4,0.0634,4.041,26.944,22.251,4.693,0.004693,,705,650,55,595,0.595,Acclimated,69 days,ANNEX,,0.02185218,0.2952116,,,453-470,great,453,470,,
4.2,TPC_accl,Biscayan Cove/Tors Cove,27.8,22,2.25/3.45,20-10-2020,8,Strongylocentrotus droebachiensis,Kelp,64.1,0.0641,4.04,23.97,20.931,3.039,0.003039,,705,650,55,595,0.595,Acclimated,69 days,ANNEX,,0.02376687,0.5013018,,,453-470,great,453,470,,
4.2,TPC_accl,Biscayan Cove/Tors Cove,27.8,22,2.25/3.45,20-10-2020,9,Strongylocentrotus droebachiensis,Kelp,72.8,0.0728,4.03,28.837,26.182,2.655,0.002655,,705,650,55,595,0.595,Acclimated,69 days,ANNEX,,0.02390312,0.6554227,,,453-470,great,453,470,,
4.2,TPC_accl,NA,,22,NA,20-10-2020,10,Blank,Blank,NA,NA,,,,,,,NA,NA,NA,NA,NA,NA,,,,,,,,,,,,,
4.2,TPC_accl,Biscayan Cove,27.9,26,4.9,20-10-2020,1,Strongylocentrotus droebachiensis,Barren,52.9,0.0529,4.039,20.633,18.627,2.006,0.002006,,700,650,50,600,0.6,Acclimated,69 days,ANNEX,,0.01922964,0.5071027,,,514-530,great,514,530,,
4.2,TPC_accl,Biscayan Cove,27.9,26,4.9,20-10-2020,2,Strongylocentrotus droebachiensis,Barren,62.1,0.0621,4.031,21.55,19.37,2.18,0.00218,,705,650,55,595,0.595,Acclimated,69 days,ANNEX,,0.0225777,0.6431536,,,514-530,great,514,530,,
4.2,TPC_accl,Biscayan Cove,27.9,26,4.9,20-10-2020,3,Strongylocentrotus droebachiensis,Barren,66.7,0.0667,4.027,24.765,22.529,2.236,0.002236,,705,650,55,595,0.595,Acclimated,69 days,ANNEX,,0.01822955,0.5437886,,,514-530,great,514,530,,
4.2,TPC_accl,Biscayan Cove,27.9,26,4.9,20-10-2020,4,Strongylocentrotus droebachiensis,Barren,70.3,0.0703,4.056,24.372,22.088,2.284,0.002284,,710,650,60,590,0.59,Acclimated,69 days,ANNEX,,NA,NA,,,514-530,trash,514,530,,
4.2,TPC_accl,Biscayan Cove/Tors Cove,27.9,26,2.25/3.45,20-10-2020,5,Strongylocentrotus droebachiensis,Kelp,84.1,0.0841,4.045,31.085,25.682,5.403,0.005403,,720,650,70,580,0.58,Acclimated,69 days,ANNEX,,0.02852569,0.4440146,,,514-530,great,514,530,,
4.2,TPC_accl,Biscayan Cove/Tors Cove,27.9,26,2.25/3.45,20-10-2020,6,Strongylocentrotus droebachiensis,Kelp,70,0.07,4.048,27.805,23.717,4.088,0.004088,,710,650,60,590,0.59,Acclimated,69 days,ANNEX,,0.02333294,0.3995367,,,514-530,great,514,530,,
4.2,TPC_accl,Biscayan Cove/Tors Cove,27.9,26,2.25/3.45,20-10-2020,7,Strongylocentrotus droebachiensis,Kelp,63.4,0.0634,4.041,26.944,22.251,4.693,0.004693,,705,650,55,595,0.595,Acclimated,69 days,ANNEX,,0.02978121,0.4023288,,,514-530,great,514,530,,
4.2,TPC_accl,Biscayan Cove/Tors Cove,27.9,26,2.25/3.45,20-10-2020,8,Strongylocentrotus droebachiensis,Kelp,64.1,0.0641,4.04,23.97,20.931,3.039,0.003039,,705,650,55,595,0.595,Acclimated,69 days,ANNEX,,0.02974274,0.6273477,,,514-530,great,514,530,,
4.2,TPC_accl,Biscayan Cove/Tors Cove,27.9,26,2.25/3.45,20-10-2020,9,Strongylocentrotus droebachiensis,Kelp,72.8,0.0728,4.03,28.837,26.182,2.655,0.002655,,705,650,55,595,0.595,Acclimated,69 days,ANNEX,,0.02683115,0.7357092,,,514-530,great,514,530,,
4.2,TPC_accl,NA,,26,NA,20-10-2020,10,Blank,Blank,NA,NA,,,,,,,NA,NA,NA,NA,NA,NA,,,,,,,,,,,,,
4.2,TPC_accl,Biscayan Cove,27.9,30,4.9,20-10-2020,1,Strongylocentrotus droebachiensis,Barren,52.9,0.0529,4.039,20.633,18.627,2.006,0.002006,,700,650,50,600,0.6,Acclimated,69 days,ANNEX,,0.02285251,0.602641,,,562-571,great,562,571,,
4.2,TPC_accl,Biscayan Cove,27.9,30,4.9,20-10-2020,2,Strongylocentrotus droebachiensis,Barren,62.1,0.0621,4.031,21.55,19.37,2.18,0.00218,,705,650,55,595,0.595,Acclimated,69 days,ANNEX,,0.02964519,0.8444798,,,562-571,great,562,571,,
4.2,TPC_accl,Biscayan Cove,27.9,30,4.9,20-10-2020,3,Strongylocentrotus droebachiensis,Barren,66.7,0.0667,4.027,24.765,22.529,2.236,0.002236,,705,650,55,595,0.595,Acclimated,69 days,ANNEX,,0.01836687,0.5478847,,,562-571,great,562,571,,
4.2,TPC_accl,Biscayan Cove,27.9,30,4.9,20-10-2020,4,Strongylocentrotus droebachiensis,Barren,70.3,0.0703,4.056,24.372,22.088,2.284,0.002284,,710,650,60,590,0.59,Acclimated,69 days,ANNEX,,0.02133112,0.6565577,,,562-571,great,562,571,,
4.2,TPC_accl,Biscayan Cove/Tors Cove,27.9,30,2.25/3.45,20-10-2020,5,Strongylocentrotus droebachiensis,Kelp,84.1,0.0841,4.045,31.085,25.682,5.403,0.005403,,720,650,70,580,0.58,Acclimated,69 days,ANNEX,,0.02709086,0.4216809,,,562-571,great,562,571,,
4.2,TPC_accl,Biscayan Cove/Tors Cove,27.9,30,2.25/3.45,20-10-2020,6,Strongylocentrotus droebachiensis,Kelp,70,0.07,4.048,27.805,23.717,4.088,0.004088,,710,650,60,590,0.59,Acclimated,69 days,ANNEX,,0.02402235,0.4113416,,,562-571,great,562,571,,
4.2,TPC_accl,Biscayan Cove/Tors Cove,27.9,30,2.25/3.45,20-10-2020,7,Strongylocentrotus droebachiensis,Kelp,63.4,0.0634,4.041,26.944,22.251,4.693,0.004693,,705,650,55,595,0.595,Acclimated,69 days,ANNEX,,0.03000423,0.4053416,,,562-571,great,562,571,,
4.2,TPC_accl,Biscayan Cove/Tors Cove,27.9,30,2.25/3.45,20-10-2020,8,Strongylocentrotus droebachiensis,Kelp,64.1,0.0641,4.04,23.97,20.931,3.039,0.003039,,705,650,55,595,0.595,Acclimated,69 days,ANNEX,,0.03542713,0.7472456,,,562-571,great,562,571,,
4.2,TPC_accl,Biscayan Cove/Tors Cove,27.9,30,2.25/3.45,20-10-2020,9,Strongylocentrotus droebachiensis,Kelp,72.8,0.0728,4.03,28.837,26.182,2.655,0.002655,,705,650,55,595,0.595,Acclimated,69 days,ANNEX,,0.02985161,0.8185299,,,562-571,great,562,571,,
4.2,TPC_accl,NA,,30,NA,20-10-2020,10,Blank,Blank,NA,NA,,,,,,,NA,NA,NA,NA,NA,NA,,,,,,,,562-571,great,562,571,,
4.3,TPC_FieldFresh,Biscayan Cove,25.5,4,3,08-11-2020,1,Strongylocentrotus droebachiensis,Barren,68.2,0.0682,4.025,25.521,21.808,3.713,0.003713,0.064487,720,650,70,580,0.58,Field fresh,48 hours,Multi-stressor,14,0.007344955,0.1349114,0.007767859,0.5009259,100-90,good,0,58,,0.999
4.3,TPC_FieldFresh,Biscayan Cove,25.5,4,3,08-11-2020,2,Strongylocentrotus droebachiensis,Barren,81.1,0.0811,4.021,28.122,23.341,4.781,0.004781,0.076319,735,650,85,565,0.565,Field fresh,48 hours,Multi-stressor,14,0.006273195,0.1064121,0.006666179,0.5087561,94-84,good,0,58,,0.991
4.3,TPC_FieldFresh,Biscayan Cove,25.5,4,3,08-11-2020,3,Strongylocentrotus droebachiensis,Barren,68.5,0.0685,4.034,24.231,20.825,3.406,0.003406,0.065094,720,650,70,580,0.58,Field fresh,48 hours,Multi-stressor,14,0.005402348,0.1086497,0.00576935,0.3700608,91-84,spike at start,0,58,,0.999
4.3,TPC_FieldFresh,Biscayan Cove,25.5,4,3,08-11-2020,4,Strongylocentrotus droebachiensis,Barren,71.3,0.0713,4.025,26.211,22.391,3.82,0.00382,0.06748,720,650,70,580,0.58,Field fresh,48 hours,Multi-stressor,14,0.005956168,0.1111714,0.00636648,0.4182489,93-84,,0,58,,0.997
4.3,TPC_FieldFresh,Biscayan Cove,25.5,4,3,08-11-2020,5,Strongylocentrotus droebachiensis,Kelp,99.7,0.0997,4.001,38.127,29.045,9.082,0.009082,0.090618,750,650,100,550,0.55,Field fresh,48 hours,Multi-stressor,14,0.007002795,0.07687499,0.007704635,0.6981787,100-83,great,0,58,,0.997
4.3,TPC_FieldFresh,Biscayan Cove,25.5,4,3,08-11-2020,6,Strongylocentrotus droebachiensis,Kelp,78.4,0.0784,4.05,28.268,22.749,5.519,0.005519,0.072881,725,650,75,575,0.575,Field fresh,48 hours,Multi-stressor,14,0.006841479,0.09718644,0.007359558,0.536372,94-82,great,0,58,,0.999
4.3,TPC_FieldFresh,Biscayan Cove,25.5,4,3,08-11-2020,7,Strongylocentrotus droebachiensis,Kelp,84.4,0.0844,4.019,33.292,27.666,5.626,0.005626,0.078774,730,650,80,570,0.57,Field fresh,48 hours,Multi-stressor,14,0.009561053,0.1434328,0.0102439,0.8069529,95-78,great,0,58,,0.999
4.3,TPC_FieldFresh,Biscayan Cove,25.5,4,3,08-11-2020,8,Strongylocentrotus droebachiensis,Kelp,75.7,0.0757,4.01,28.931,24.416,4.515,0.004515,0.071185,715,650,65,585,0.585,Field fresh,48 hours,Multi-stressor,14,0.0101132,0.1695613,0.01116023,0.7944407,95-80,great,0,58,,0.996
4.3,TPC_FieldFresh,Biscayan Cove,25.5,4,3,08-11-2020,9,Strongylocentrotus droebachiensis,Kelp,106.4,0.1064,4.038,41.489,33.721,7.768,0.007768,0.098632,750,650,100,550,0.55,Field fresh,48 hours,Multi-stressor,14,0.005864751,0.08033078,0.006296587,0.6210449,95-85,great,0,58,,0.998
4.3,TPC_FieldFresh,Biscayan Cove,25.5,4,3,08-11-2020,10,Blank,Blank,NA,NA,,,,,,,NA,NA,NA,NA,NA,NA,NA,NA,NA,,,,,,,0,58,,
4.3,TPC_FieldFresh,Biscayan Cove,26,6,3,08-11-2020,1,Strongylocentrotus droebachiensis,Barren,68.2,0.0682,4.025,25.521,21.808,3.713,0.003713,0.064487,720,650,70,580,0.58,Field fresh,48 hours,Multi-stressor,14,0.01021117,0.1875577,0.0107991,0.6964016,100-90,ok,90,138,,0.981
4.3,TPC_FieldFresh,Biscayan Cove,26,6,3,08-11-2020,2,Strongylocentrotus droebachiensis,Barren,81.1,0.0811,4.021,28.122,23.341,4.781,0.004781,0.076319,735,650,85,565,0.565,Field fresh,48 hours,Multi-stressor,14,0.009959127,0.1689365,0.01058302,0.8076852,97-78,great,90,138,,1
4.3,TPC_FieldFresh,Biscayan Cove,26,6,3,08-11-2020,3,Strongylocentrotus droebachiensis,Barren,68.5,0.0685,4.034,24.231,20.825,3.406,0.003406,0.065094,720,650,70,580,0.58,Field fresh,48 hours,Multi-stressor,14,0.006380058,0.128313,0.006713891,0.437034,96-88,good,90,138,,0.998
4.3,TPC_FieldFresh,Biscayan Cove,26,6,3,08-11-2020,4,Strongylocentrotus droebachiensis,Barren,71.3,0.0713,4.025,26.211,22.391,3.82,0.00382,0.06748,720,650,70,580,0.58,Field fresh,48 hours,Multi-stressor,14,0.006652999,0.1241777,0.007029621,0.4743588,97-90,"ok, one dip",90,138,,1
4.3,TPC_FieldFresh,Biscayan Cove,26,6,3,08-11-2020,5,Strongylocentrotus droebachiensis,Kelp,99.7,0.0997,4.001,38.127,29.045,9.082,0.009082,0.090618,750,650,100,550,0.55,Field fresh,48 hours,Multi-stressor,14,0.007290638,0.08003486,0.008021327,0.7268766,96-90,,90,138,,0.998
4.3,TPC_FieldFresh,Biscayan Cove,26,6,3,08-11-2020,6,Strongylocentrotus droebachiensis,Kelp,78.4,0.0784,4.05,28.268,22.749,5.519,0.005519,0.072881,725,650,75,575,0.575,Field fresh,48 hours,Multi-stressor,14,0.007837411,0.1113341,0.008430908,0.614453,100-88,good,90,138,,0.999
4.3,TPC_FieldFresh,Biscayan Cove,26,6,3,08-11-2020,7,Strongylocentrotus droebachiensis,Kelp,84.4,0.0844,4.019,33.292,27.666,5.626,0.005626,0.078774,730,650,80,570,0.57,Field fresh,48 hours,Multi-stressor,14,0.01116807,0.1675409,0.01196569,0.9425852,100-83,great,90,138,,0.998
4.3,TPC_FieldFresh,Biscayan Cove,26,6,3,08-11-2020,8,Strongylocentrotus droebachiensis,Kelp,75.7,0.0757,4.01,28.931,24.416,4.515,0.004515,0.071185,715,650,65,585,0.585,Field fresh,48 hours,Multi-stressor,14,0.01094914,0.1835769,0.0116436,0.8288499,105-90,good,90,138,,1
4.3,TPC_FieldFresh,Biscayan Cove,26,6,3,08-11-2020,9,Strongylocentrotus droebachiensis,Kelp,106.4,0.1064,4.038,41.489,33.721,7.768,0.007768,0.098632,750,650,100,550,0.55,Field fresh,48 hours,Multi-stressor,14,0.006773539,0.09277865,0.007307005,0.7207045,102-88,great,90,138,,1
4.3,TPC_FieldFresh,Biscayan Cove,26,6,3,08-11-2020,10,Blank,Blank,NA,NA,,,,,,,NA,NA,NA,NA,NA,NA,NA,NA,NA,,,,,,,90,138,,
4.3,TPC_FieldFresh,Biscayan Cove,27,10,3,08-11-2020,1,Strongylocentrotus droebachiensis,Barren,68.2,0.0682,4.025,25.521,21.808,3.713,0.003713,0.064487,720,650,70,580,0.58,Field fresh,48 hours,Multi-stressor,14,0.0110172,0.2023629,0.01165155,0.7513734,104-94,good,167,202,,0.997
4.3,TPC_FieldFresh,Biscayan Cove,27,10,3,08-11-2020,2,Strongylocentrotus droebachiensis,Barren,81.1,0.0811,4.021,28.122,23.341,4.781,0.004781,0.076319,735,650,85,565,0.565,Field fresh,48 hours,Multi-stressor,14,0.01171874,0.1987847,0.01245286,0.9503895,100-85,great,167,202,,0.999
4.3,TPC_FieldFresh,Biscayan Cove,27,10,3,08-11-2020,3,Strongylocentrotus droebachiensis,Barren,68.5,0.0685,4.034,24.231,20.825,3.406,0.003406,0.065094,720,650,70,580,0.58,Field fresh,48 hours,Multi-stressor,14,0.007982752,0.1605457,0.008400444,0.5468185,96-88,great,167,202,,0.999
4.3,TPC_FieldFresh,Biscayan Cove,27,10,3,08-11-2020,4,Strongylocentrotus droebachiensis,Barren,71.3,0.0713,4.025,26.211,22.391,3.82,0.00382,0.06748,720,650,70,580,0.58,Field fresh,48 hours,Multi-stressor,14,0.008829191,0.1647962,0.009329006,0.6295213,98-88,great,167,202,,0.997
4.3,TPC_FieldFresh,Biscayan Cove,27,10,3,08-11-2020,5,Strongylocentrotus droebachiensis,Kelp,99.7,0.0997,4.001,38.127,29.045,9.082,0.009082,0.090618,750,650,100,550,0.55,Field fresh,48 hours,Multi-stressor,14,0.008430831,0.09255162,0.009565695,0.8668242,100-90,great,167,202,,0.997
4.3,TPC_FieldFresh,Biscayan Cove,27,10,3,08-11-2020,6,Strongylocentrotus droebachiensis,Kelp,78.4,0.0784,4.05,28.268,22.749,5.519,0.005519,0.072881,725,650,75,575,0.575,Field fresh,48 hours,Multi-stressor,14,0.01033412,0.1468011,0.0112098,0.8169812,99-88,great,167,202,,0.998
4.3,TPC_FieldFresh,Biscayan Cove,27,10,3,08-11-2020,7,Strongylocentrotus droebachiensis,Kelp,84.4,0.0844,4.019,33.292,27.666,5.626,0.005626,0.078774,730,650,80,570,0.57,Field fresh,48 hours,Multi-stressor,14,0.01313248,0.1970106,0.0140704,1.108382,100-85,great,167,202,,0.999
4.3,TPC_FieldFresh,Biscayan Cove,27,10,3,08-11-2020,8,Strongylocentrotus droebachiensis,Kelp,75.7,0.0757,4.01,28.931,24.416,4.515,0.004515,0.071185,715,650,65,585,0.585,Field fresh,48 hours,Multi-stressor,14,0.01631278,0.2735055,0.01748029,1.234877,105-95,not great,167,202,,0.998
4.3,TPC_FieldFresh,Biscayan Cove,27,10,3,08-11-2020,9,Strongylocentrotus droebachiensis,Kelp,106.4,0.1064,4.038,41.489,33.721,7.768,0.007768,0.098632,750,650,100,550,0.55,Field fresh,48 hours,Multi-stressor,14,0.00931923,0.1276475,0.01005319,0.991566,105-85,good,167,202,,0.995
4.3,TPC_FieldFresh,Biscayan Cove,27,10,3,08-11-2020,10,Blank,Blank,NA,NA,,,,,,,NA,NA,NA,NA,NA,NA,NA,NA,NA,,,,,,,167,202,,
4.3,TPC_FieldFresh,Biscayan Cove,27.3,14,3,08-11-2020,1,Strongylocentrotus droebachiensis,Barren,68.2,0.0682,4.025,25.521,21.808,3.713,0.003713,0.064487,720,650,70,580,0.58,Field fresh,48 hours,Multi-stressor,14,0.01675394,0.3077347,0.01771859,1.142619,104-92,good,241,267,,1
4.3,TPC_FieldFresh,Biscayan Cove,27.3,14,3,08-11-2020,2,Strongylocentrotus droebachiensis,Barren,81.1,0.0811,4.021,28.122,23.341,4.781,0.004781,0.076319,735,650,85,565,0.565,Field fresh,48 hours,Multi-stressor,14,0.01672552,0.2837147,0.01777329,1.35644,100-85,great,241,267,,0.999
4.3,TPC_FieldFresh,Biscayan Cove,27.3,14,3,08-11-2020,3,Strongylocentrotus droebachiensis,Barren,68.5,0.0685,4.034,24.231,20.825,3.406,0.003406,0.065094,720,650,70,580,0.58,Field fresh,48 hours,Multi-stressor,14,0.01231157,0.2476049,0.01295576,0.8433424,96-88,great,241,267,,0.997
4.3,TPC_FieldFresh,Biscayan Cove,27.3,14,3,08-11-2020,4,Strongylocentrotus droebachiensis,Barren,71.3,0.0713,4.025,26.211,22.391,3.82,0.00382,0.06748,720,650,70,580,0.58,Field fresh,48 hours,Multi-stressor,14,0.01295268,0.2417607,0.01368592,0.923526,98-88,great,241,267,,0.999
4.3,TPC_FieldFresh,Biscayan Cove,27.3,14,3,08-11-2020,5,Strongylocentrotus droebachiensis,Kelp,99.7,0.0997,4.001,38.127,29.045,9.082,0.009082,0.090618,750,650,100,550,0.55,Field fresh,48 hours,Multi-stressor,14,0.01302717,0.1430091,0.01433279,1.298809,105-90,great,241,267,,0.995
4.3,TPC_FieldFresh,Biscayan Cove,27.3,14,3,08-11-2020,6,Strongylocentrotus droebachiensis,Kelp,78.4,0.0784,4.05,28.268,22.749,5.519,0.005519,0.072881,725,650,75,575,0.575,Field fresh,48 hours,Multi-stressor,14,0.01248833,0.1774026,0.01343402,0.9790852,100-90,great,241,267,,1
4.3,TPC_FieldFresh,Biscayan Cove,27.3,14,3,08-11-2020,7,Strongylocentrotus droebachiensis,Kelp,84.4,0.0844,4.019,33.292,27.666,5.626,0.005626,0.078774,730,650,80,570,0.57,Field fresh,48 hours,Multi-stressor,14,0.0165701,0.248581,0.01775353,1.398517,100-85,,241,267,,0.994
4.3,TPC_FieldFresh,Biscayan Cove,27.3,14,3,08-11-2020,8,Strongylocentrotus droebachiensis,Kelp,75.7,0.0757,4.01,28.931,24.416,4.515,0.004515,0.071185,715,650,65,585,0.585,Field fresh,48 hours,Multi-stressor,14,0.01801863,0.3021064,0.01916149,1.36401,105-90,ok,241,267,,0.992
4.3,TPC_FieldFresh,Biscayan Cove,27.3,14,3,08-11-2020,9,Strongylocentrotus droebachiensis,Kelp,106.4,0.1064,4.038,41.489,33.721,7.768,0.007768,0.098632,750,650,100,550,0.55,Field fresh,48 hours,Multi-stressor,14,0.01571329,0.2152284,0.01695083,1.671895,105-85,good,241,267,,0.996
4.3,TPC_FieldFresh,Biscayan Cove,27.3,14,3,08-11-2020,10,Blank,Blank,NA,NA,,,,,,,NA,NA,NA,NA,NA,NA,NA,NA,NA,,,,,,,241,267,,
4.3,TPC_FieldFresh,Biscayan Cove,27.6,18,3,08-11-2020,1,Strongylocentrotus droebachiensis,Barren,68.2,0.0682,4.025,25.521,21.808,3.713,0.003713,0.064487,720,650,70,580,0.58,Field fresh,48 hours,Multi-stressor,14,0.02161388,0.3970015,0.02285835,1.474067,105-85,great,312,334,,1
4.3,TPC_FieldFresh,Biscayan Cove,27.6,18,3,08-11-2020,2,Strongylocentrotus droebachiensis,Barren,81.1,0.0811,4.021,28.122,23.341,4.781,0.004781,0.076319,735,650,85,565,0.565,Field fresh,48 hours,Multi-stressor,14,0.02024146,0.3433554,0.02150948,1.641582,100-80,good,312,334,,0.995
4.3,TPC_FieldFresh,Biscayan Cove,27.6,18,3,08-11-2020,3,Strongylocentrotus droebachiensis,Barren,68.5,0.0685,4.034,24.231,20.825,3.406,0.003406,0.065094,720,650,70,580,0.58,Field fresh,48 hours,Multi-stressor,14,0.01370273,0.2755834,0.01441972,0.938637,96-88,great,312,334,,1
4.3,TPC_FieldFresh,Biscayan Cove,27.6,18,3,08-11-2020,4,Strongylocentrotus droebachiensis,Barren,71.3,0.0713,4.025,26.211,22.391,3.82,0.00382,0.06748,720,650,70,580,0.58,Field fresh,48 hours,Multi-stressor,14,0.0175748,0.3280323,0.0185697,1.253083,98-86,great,312,334,,0.998
4.3,TPC_FieldFresh,Biscayan Cove,27.6,18,3,08-11-2020,5,Strongylocentrotus droebachiensis,Kelp,99.7,0.0997,4.001,38.127,29.045,9.082,0.009082,0.090618,750,650,100,550,0.55,Field fresh,48 hours,Multi-stressor,14,0.01653235,0.1814882,0.01818927,1.648275,100-85,great,312,334,,1
4.3,TPC_FieldFresh,Biscayan Cove,27.6,18,3,08-11-2020,6,Strongylocentrotus droebachiensis,Kelp,78.4,0.0784,4.05,28.268,22.749,5.519,0.005519,0.072881,725,650,75,575,0.575,Field fresh,48 hours,Multi-stressor,14,0.01751249,0.2487731,0.01883864,1.372979,100-85,great,312,334,,0.998
4.3,TPC_FieldFresh,Biscayan Cove,27.6,18,3,08-11-2020,7,Strongylocentrotus droebachiensis,Kelp,84.4,0.0844,4.019,33.292,27.666,5.626,0.005626,0.078774,730,650,80,570,0.57,Field fresh,48 hours,Multi-stressor,14,0.02243054,0.336498,0.02403252,1.893137,100-80,great,312,334,,0.999
4.3,TPC_FieldFresh,Biscayan Cove,27.6,18,3,08-11-2020,8,Strongylocentrotus droebachiensis,Kelp,75.7,0.0757,4.01,28.931,24.416,4.515,0.004515,0.071185,715,650,65,585,0.585,Field fresh,48 hours,Multi-stressor,14,0.02265577,0.3798542,0.02168984,1.718991,100-90,good,312,334,,0.999
4.3,TPC_FieldFresh,Biscayan Cove,27.6,18,3,08-11-2020,9,Strongylocentrotus droebachiensis,Kelp,106.4,0.1064,4.038,41.489,33.721,7.768,0.007768,0.098632,750,650,100,550,0.55,Field fresh,48 hours,Multi-stressor,14,0.01869966,0.2561333,0.02017239,1.989644,100-80,great,312,334,,0.999
4.3,TPC_FieldFresh,Biscayan Cove,27.6,18,3,08-11-2020,10,Blank,Blank,NA,NA,,,,,,,NA,NA,NA,NA,NA,NA,NA,NA,NA,,,,,,,312,334,,
4.3,TPC_FieldFresh,Biscayan Cove,27.7,22,3,08-11-2020,1,Strongylocentrotus droebachiensis,Barren,68.2,0.0682,4.025,25.521,21.808,3.713,0.003713,0.064487,720,650,70,580,0.58,Field fresh,48 hours,Multi-stressor,14,0.02659816,0.4885522,0.02812961,1.813994,102-90,great,379,394,,1
4.3,TPC_FieldFresh,Biscayan Cove,27.7,22,3,08-11-2020,2,Strongylocentrotus droebachiensis,Barren,81.1,0.0811,4.021,28.122,23.341,4.781,0.004781,0.076319,735,650,85,565,0.565,Field fresh,48 hours,Multi-stressor,14,0.02400146,0.4071363,0.02550503,1.946519,95-80,great,379,394,,0.999
4.3,TPC_FieldFresh,Biscayan Cove,27.7,22,3,08-11-2020,3,Strongylocentrotus droebachiensis,Barren,68.5,0.0685,4.034,24.231,20.825,3.406,0.003406,0.065094,720,650,70,580,0.58,Field fresh,48 hours,Multi-stressor,14,0.02008215,0.4038836,0.02113294,1.375628,96-86,great,379,394,,1
4.3,TPC_FieldFresh,Biscayan Cove,27.7,22,3,08-11-2020,4,Strongylocentrotus droebachiensis,Barren,71.3,0.0713,4.025,26.211,22.391,3.82,0.00382,0.06748,720,650,70,580,0.58,Field fresh,48 hours,Multi-stressor,14,0.02046238,0.3819287,0.02162074,1.458968,95-86,great,379,394,,1
4.3,TPC_FieldFresh,Biscayan Cove,27.7,22,3,08-11-2020,5,Strongylocentrotus droebachiensis,Kelp,99.7,0.0997,4.001,38.127,29.045,9.082,0.009082,0.090618,750,650,100,550,0.55,Field fresh,48 hours,Multi-stressor,14,0.02145634,0.2355425,0.02360675,2.139197,100-85,great,379,394,,0.999
4.3,TPC_FieldFresh,Biscayan Cove,27.7,22,3,08-11-2020,6,Strongylocentrotus droebachiensis,Kelp,78.4,0.0784,4.05,28.268,22.749,5.519,0.005519,0.072881,725,650,75,575,0.575,Field fresh,48 hours,Multi-stressor,14,0.02159317,0.3067412,0.02322834,1.692905,96-86,great,379,394,,1
4.3,TPC_FieldFresh,Biscayan Cove,27.7,22,3,08-11-2020,7,Strongylocentrotus droebachiensis,Kelp,84.4,0.0844,4.019,33.292,27.666,5.626,0.005626,0.078774,730,650,80,570,0.57,Field fresh,48 hours,Multi-stressor,14,0.02600793,0.3901651,0.0278654,2.195069,95-85,great,379,394,,1
4.3,TPC_FieldFresh,Biscayan Cove,27.7,22,3,08-11-2020,8,Strongylocentrotus droebachiensis,Kelp,75.7,0.0757,4.01,28.931,24.416,4.515,0.004515,0.071185,715,650,65,585,0.585,Field fresh,48 hours,Multi-stressor,14,0.02876068,0.4822111,0.03058486,2.177183,100-85,great,379,394,,0.997
4.3,TPC_FieldFresh,Biscayan Cove,27.7,22,3,08-11-2020,9,Strongylocentrotus droebachiensis,Kelp,106.4,0.1064,4.038,41.489,33.721,7.768,0.007768,0.098632,750,650,100,550,0.55,Field fresh,48 hours,Multi-stressor,14,0.0236485,0.3239187,0.02551099,2.5162,100-80,great,379,394,,1
4.3,TPC_FieldFresh,Biscayan Cove,27.7,22,3,08-11-2020,10,Blank,Blank,NA,NA,,,,,,,NA,NA,NA,NA,NA,NA,NA,NA,NA,,,,,,,379,394,,
4.3,TPC_FieldFresh,Biscayan Cove,28,26,3,08-11-2020,1,Strongylocentrotus droebachiensis,Barren,68.2,0.0682,4.025,25.521,21.808,3.713,0.003713,0.064487,720,650,70,580,0.58,Field fresh,48 hours,Multi-stressor,14,0.03127833,0.5745171,0.03307926,2.133182,100-85,great,421,435,,1
4.3,TPC_FieldFresh,Biscayan Cove,28,26,3,08-11-2020,2,Strongylocentrotus droebachiensis,Barren,81.1,0.0811,4.021,28.122,23.341,4.781,0.004781,0.076319,735,650,85,565,0.565,Field fresh,48 hours,Multi-stressor,14,0.02630103,0.4461439,0.02794866,2.133014,95-85,great,421,435,,1
4.3,TPC_FieldFresh,Biscayan Cove,28,26,3,08-11-2020,3,Strongylocentrotus droebachiensis,Barren,68.5,0.0685,4.034,24.231,20.825,3.406,0.003406,0.065094,720,650,70,580,0.58,Field fresh,48 hours,Multi-stressor,14,0.02094962,0.4213296,0.02204579,1.435049,96-86,great,421,435,,0.999
4.3,TPC_FieldFresh,Biscayan Cove,28,26,3,08-11-2020,4,Strongylocentrotus droebachiensis,Barren,71.3,0.0713,4.025,26.211,22.391,3.82,0.00382,0.06748,720,650,70,580,0.58,Field fresh,48 hours,Multi-stressor,14,0.02444815,0.4563228,0.02583215,1.743153,94-86,great,421,435,,1
4.3,TPC_FieldFresh,Biscayan Cove,28,26,3,08-11-2020,5,Strongylocentrotus droebachiensis,Kelp,99.7,0.0997,4.001,38.127,29.045,9.082,0.009082,0.090618,750,650,100,550,0.55,Field fresh,48 hours,Multi-stressor,14,0.02644583,0.2903159,0.02909631,2.636649,100-80,great,421,435,,0.999
4.3,TPC_FieldFresh,Biscayan Cove,28,26,3,08-11-2020,6,Strongylocentrotus droebachiensis,Kelp,78.4,0.0784,4.05,28.268,22.749,5.519,0.005519,0.072881,725,650,75,575,0.575,Field fresh,48 hours,Multi-stressor,14,0.02753083,0.3910885,0.02961564,2.158417,95-80,great,421,435,,1
4.3,TPC_FieldFresh,Biscayan Cove,28,26,3,08-11-2020,7,Strongylocentrotus droebachiensis,Kelp,84.4,0.0844,4.019,33.292,27.666,5.626,0.005626,0.078774,730,650,80,570,0.57,Field fresh,48 hours,Multi-stressor,14,0.02740933,0.4111887,0.02936689,2.313347,95-80,great,421,435,,0.999
4.3,TPC_FieldFresh,Biscayan Cove,28,26,3,08-11-2020,8,Strongylocentrotus droebachiensis,Kelp,75.7,0.0757,4.01,28.931,24.416,4.515,0.004515,0.071185,715,650,65,585,0.585,Field fresh,48 hours,Multi-stressor,14,0.03187404,0.5344109,0.0338957,2.412865,100-85,great,421,435,,0.998
4.3,TPC_FieldFresh,Biscayan Cove,28,26,3,08-11-2020,9,Strongylocentrotus droebachiensis,Kelp,106.4,0.1064,4.038,41.489,33.721,7.768,0.007768,0.098632,750,650,100,550,0.55,Field fresh,48 hours,Multi-stressor,14,0.02954041,0.4046214,0.03186693,3.143099,100-80,great,421,435,,1
4.3,TPC_FieldFresh,Biscayan Cove,28,26,3,08-11-2020,10,Blank,Blank,NA,NA,,,,,,,NA,NA,NA,NA,NA,NA,NA,NA,NA,,,,,,,421,435,,
4.3,TPC_FieldFresh,Biscayan Cove,28.8,30,3,08-11-2020,1,Strongylocentrotus droebachiensis,Barren,68.2,0.0682,4.025,25.521,21.808,3.713,0.003713,0.064487,720,650,70,580,0.58,Field fresh,48 hours,Multi-stressor,14,0.02926969,0.5376227,0.03095497,1.996193,99-86,great,473,485,,0.999
4.3,TPC_FieldFresh,Biscayan Cove,28.8,30,3,08-11-2020,2,Strongylocentrotus droebachiensis,Barren,81.1,0.0811,4.021,28.122,23.341,4.781,0.004781,0.076319,735,650,85,565,0.565,Field fresh,48 hours,Multi-stressor,14,0.02796244,0.4743263,0.02971415,2.267754,95-80,great,473,485,,0.999
4.3,TPC_FieldFresh,Biscayan Cove,28.8,30,3,08-11-2020,3,Strongylocentrotus droebachiensis,Barren,68.5,0.0685,4.034,24.231,20.825,3.406,0.003406,0.065094,720,650,70,580,0.58,Field fresh,48 hours,Multi-stressor,14,0.02509932,0.5047867,0.02641263,1.719303,94-84,great,473,485,,0.995
4.3,TPC_FieldFresh,Biscayan Cove,28.8,30,3,08-11-2020,4,Strongylocentrotus droebachiensis,Barren,71.3,0.0713,4.025,26.211,22.391,3.82,0.00382,0.06748,720,650,70,580,0.58,Field fresh,48 hours,Multi-stressor,14,0.02587856,0.4830214,0.02734353,1.845142,94-84,great,473,485,,0.997
4.3,TPC_FieldFresh,Biscayan Cove,28.8,30,3,08-11-2020,5,Strongylocentrotus droebachiensis,Kelp,99.7,0.0997,4.001,38.127,29.045,9.082,0.009082,0.090618,750,650,100,550,0.55,Field fresh,48 hours,Multi-stressor,14,0.02342634,0.2571687,0.0257742,2.335606,100-85,great,473,485,,0.999
4.3,TPC_FieldFresh,Biscayan Cove,28.8,30,3,08-11-2020,6,Strongylocentrotus droebachiensis,Kelp,78.4,0.0784,4.05,28.268,22.749,5.519,0.005519,0.072881,725,650,75,575,0.575,Field fresh,48 hours,Multi-stressor,14,0.02877307,0.408735,0.03095195,2.255809,95-80,great,473,485,,0.998
4.3,TPC_FieldFresh,Biscayan Cove,28.8,30,3,08-11-2020,7,Strongylocentrotus droebachiensis,Kelp,84.4,0.0844,4.019,33.292,27.666,5.626,0.005626,0.078774,730,650,80,570,0.57,Field fresh,48 hours,Multi-stressor,14,0.02874552,0.4312339,0.03079851,2.426122,95-80,great,473,485,,0.99
4.3,TPC_FieldFresh,Biscayan Cove,28.8,30,3,08-11-2020,8,Strongylocentrotus droebachiensis,Kelp,75.7,0.0757,4.01,28.931,24.416,4.515,0.004515,0.071185,715,650,65,585,0.585,Field fresh,48 hours,Multi-stressor,14,0.02885038,0.4837151,0.03068025,2.183973,100-86,great,473,485,,0.998
4.3,TPC_FieldFresh,Biscayan Cove,28.8,30,3,08-11-2020,9,Strongylocentrotus droebachiensis,Kelp,106.4,0.1064,4.038,41.489,33.721,7.768,0.007768,0.098632,750,650,100,550,0.55,Field fresh,48 hours,Multi-stressor,14,0.02324863,0.3184417,0.02507964,2.473655,100-85,great,473,485,,1
4.3,TPC_FieldFresh,Biscayan Cove,28.8,30,3,08-11-2020,10,Blank,Blank,NA,NA,,,,,,,NA,NA,NA,NA,NA,NA,NA,NA,NA,,,,,,,473,485,,
4.3,TPC_FieldFresh,Biscayan Cove,28,32,3,08-11-2020,1,Strongylocentrotus droebachiensis,Barren,68.2,0.0682,4.025,25.521,21.808,3.713,0.003713,0.064487,720,650,70,580,0.58,Field fresh,48 hours,Multi-stressor,14,0.02142447,0.3935225,0.02265804,1.461149,98-86,great,514,528,,0.999
4.3,TPC_FieldFresh,Biscayan Cove,28,32,3,08-11-2020,2,Strongylocentrotus droebachiensis,Barren,81.1,0.0811,4.021,28.122,23.341,4.781,0.004781,0.076319,735,650,85,565,0.565,Field fresh,48 hours,Multi-stressor,14,0.0222152,0.3768359,0.02360687,1.801653,95-80,great,514,528,,1
4.3,TPC_FieldFresh,Biscayan Cove,28,32,3,08-11-2020,3,Strongylocentrotus droebachiensis,Barren,68.5,0.0685,4.034,24.231,20.825,3.406,0.003406,0.065094,720,650,70,580,0.58,Field fresh,48 hours,Multi-stressor,14,0.02027686,0.407859,0.02134095,1.389168,92-82,great,514,528,,0.999
4.3,TPC_FieldFresh,Biscayan Cove,28,32,3,08-11-2020,4,Strongylocentrotus droebachiensis,Barren,71.3,0.0713,4.025,26.211,22.391,3.82,0.00382,0.06748,720,650,70,580,0.58,Field fresh,48 hours,Multi-stressor,14,0.0214748,0.4008254,0.02269047,1.531153,92-80,great,514,528,,0.999
4.3,TPC_FieldFresh,Biscayan Cove,28,32,3,08-11-2020,5,Strongylocentrotus droebachiensis,Kelp,99.7,0.0997,4.001,38.127,29.045,9.082,0.009082,0.090618,750,650,100,550,0.55,Field fresh,48 hours,Multi-stressor,14,0.01917029,0.2104469,0.0210916,1.911278,95-80,great,514,528,,0.996
4.3,TPC_FieldFresh,Biscayan Cove,28,32,3,08-11-2020,6,Strongylocentrotus droebachiensis,Kelp,78.4,0.0784,4.05,28.268,22.749,5.519,0.005519,0.072881,725,650,75,575,0.575,Field fresh,48 hours,Multi-stressor,14,0.02621081,0.3723369,0.02819565,2.054928,93-78,great,514,528,,0.999
4.3,TPC_FieldFresh,Biscayan Cove,28,32,3,08-11-2020,7,Strongylocentrotus droebachiensis,Kelp,84.4,0.0844,4.019,33.292,27.666,5.626,0.005626,0.078774,730,650,80,570,0.57,Field fresh,48 hours,Multi-stressor,14,0.02053378,0.3080433,0.0220003,1.733051,94-80,great,514,528,,0.999
4.3,TPC_FieldFresh,Biscayan Cove,28,32,3,08-11-2020,8,Strongylocentrotus droebachiensis,Kelp,75.7,0.0757,4.01,28.931,24.416,4.515,0.004515,0.071185,715,650,65,585,0.585,Field fresh,48 hours,Multi-stressor,14,0.01861905,0.3121733,0.01979999,1.409462,98-86,great,514,528,,0.998
4.3,TPC_FieldFresh,Biscayan Cove,28,32,3,08-11-2020,9,Strongylocentrotus droebachiensis,Kelp,106.4,0.1064,4.038,41.489,33.721,7.768,0.007768,0.098632,750,650,100,550,0.55,Field fresh,48 hours,Multi-stressor,14,0.02032525,0.2783994,0.02192602,2.162607,95-80,great,514,528,,0.999
4.3,TPC_FieldFresh,Biscayan Cove,28,32,3,08-11-2020,10,Blank,Blank,NA,NA,,,,,,,NA,NA,NA,NA,NA,NA,NA,NA,NA,,,,,,,514,528,,
4.3,,Biscayan Cove,28,,,,,,,,,,,,,,,,,,,,,,,,,,,,,,,,,
4.3,,Biscayan Cove,24,,,,,,,,,,,,,,,,,,,,,,,,,,,,,,,,,
4.3,,Biscayan Cove,20,,,,,,,,,,,,,,,,,,,,,,,,,,,,,,,,,
4.3,,Biscayan Cove,16,,,,,,,,,,,,,,,,,,,,,,,,,,,,,,,,,
4.3,,Biscayan Cove,12,,,,,,,,,,,,,,,,,,,,,,,,,,,,,,,,,
4.3,,Biscayan Cove,8,,,,,,,,,,,,,,,,,,,,,,,,,,,,,,,,,
4.3,,Biscayan Cove,6,,,,,,,,,,,,,,,,,,,,,,,,,,,,,,,,,